repo	synced	head_has	run_status	run_concl	run_is_head	live_http	live_has
crypto-lab	yes	13	completed	success	yes	200	13
crypto-lab-aegis-gate	yes	3	completed	success	yes	200	3
crypto-lab-aes-modes	yes	3	completed	success	yes	200	3
crypto-lab-ascon	yes	3	completed	success	yes	200	3
crypto-lab-babel-hash	yes	3	completed	success	yes	200	3
crypto-lab-bb84	yes	3	completed	success	yes	200	3
crypto-lab-bcrypt-forge	yes	3	completed	success	yes	200	3
crypto-lab-biham-lens	yes	3	completed	success	yes	200	3
crypto-lab-bike-vault	yes	3	completed	success	yes	200	3
crypto-lab-bitcoin-wallet	yes	3	completed	success	yes	200	3
crypto-lab-blind-oracle	yes	3	completed	success	yes	200	3
crypto-lab-blind-sign	yes	3	completed	success	yes	200	3
crypto-lab-broken-trust	yes	3	completed	success	yes	200	3
crypto-lab-bulletproofs	yes	3	completed	failure	yes	200	0
crypto-lab-chacha20-stream	yes	3	completed	success	yes	200	3
crypto-lab-ciphertext-mirror	yes	3	completed	success	yes	200	3
crypto-lab-ckks-lab	yes	3	completed	success	yes	200	3
crypto-lab-commit-gate	yes	3	completed	success	yes	200	3
crypto-lab-corrupted-oracle	yes	3	completed	success	yes	200	3
crypto-lab-curve448	yes	3	completed	success	yes	200	3
crypto-lab-curve-lens	yes	3	completed	failure	yes	200	0
crypto-lab-dead-sea-cipher	yes	3	completed	success	yes	200	3
crypto-lab-dilithium-reject	yes	3	completed	success	yes	404	0
crypto-lab-dilithium-seal	yes	3	completed	success	yes	200	3
crypto-lab-drbg-arena	yes	3	completed	success	yes	200	3
crypto-lab-e91	yes	3	completed	success	yes	200	3
crypto-lab-ecdsa-forge	yes	3	completed	success	yes	200	3
crypto-lab-ed25519-forge	yes	3	completed	success	yes	200	3
crypto-lab-elgamal-plain	yes	3	completed	success	yes	404	0
crypto-lab-envelope-kms	yes	3	completed	success	yes	200	3
crypto-lab-falcon-seal	yes	3	completed	success	yes	200	3
crypto-lab-fhe-arena	yes	3	completed	success	yes	200	3
crypto-lab-format-ward	yes	3	completed	success	yes	200	3
crypto-lab-frodo-vault	yes	3	completed	success	yes	200	3
crypto-lab-frost-threshold	yes	3	completed	success	yes	200	3
crypto-lab-garbled-gate	yes	3	completed	success	no	200	0
crypto-lab-gg20-wallet	yes	3	completed	success	no	200	0
crypto-lab-grover	yes	3	completed	success	yes	200	3
crypto-lab-harvest-timeline	yes	3	completed	success	yes	200	3
crypto-lab-harvest-vault	yes	3	completed	success	yes	200	3
crypto-lab-hash-zoo	yes	3	completed	success	yes	200	3
crypto-lab-hawk	yes	3	completed	success	yes	200	3
crypto-lab-hqc-timing	yes	3	completed	success	yes	200	3
crypto-lab-hqc-timing-break	yes	3	completed	success	yes	200	3
crypto-lab-hqc-vault	yes	3	completed	failure	yes	200	0
crypto-lab-hybrid-guide	yes	3	completed	success	yes	200	3
crypto-lab-hybrid-sign	yes	3	completed	success	yes	200	3
crypto-lab-hybrid-wire	yes	3	completed	failure	yes	200	0
crypto-lab-ibe-gate	yes	3	completed	success	yes	200	3
crypto-lab-iron-letter	yes	3	completed	success	yes	200	3
crypto-lab-iron-serpent	yes	3	completed	failure	yes	200	0
crypto-lab-isogeny-gate	yes	3	completed	success	yes	200	3
crypto-lab-jevil	yes	3	completed	success	yes	200	3
crypto-lab-j-uniward	yes	3	completed	success	yes	200	3
crypto-lab-kdf-arena	yes	3	completed	success	yes	200	3
crypto-lab-kdf-chain	yes	3	completed	success	yes	200	3
crypto-lab-kerberos	yes	3	completed	success	yes	200	3
crypto-lab-key-exchange	yes	3	completed	failure	yes	200	3
crypto-lab-kyberslash	yes	3	completed	success	yes	200	3
crypto-lab-kyber-vault	yes	3	completed	success	yes	200	3
crypto-lab-lattice-fault	yes	3	completed	success	yes	200	3
crypto-lab-lll-break	yes	3	completed	success	yes	200	3
crypto-lab-lms-ledger	yes	3	completed	success	yes	200	3
crypto-lab-lms-xmss	yes	3	completed	success	yes	200	3
crypto-lab-lwe-hints	yes	3	completed	success	yes	200	3
crypto-lab-mac-race	yes	3	completed	success	yes	200	3
crypto-lab-mceliece-gate	yes	3	completed	success	yes	200	3
crypto-lab-merkle-vault	yes	3	completed	success	yes	200	3
crypto-lab-mls-group	yes	3	completed	success	yes	200	3
crypto-lab-model-breach	yes	3	completed	success	yes	200	3
crypto-lab-mpcith-sign	yes	3	completed	success	yes	200	3
crypto-lab-multivariate	yes	3	completed	success	yes	200	3
crypto-lab-noise-pipe	yes	3	completed	success	yes	200	3
crypto-lab-nonce-guard	yes	3	completed	success	yes	200	3
crypto-lab-nonce-lattice	yes	3	completed	failure	yes	200	0
crypto-lab-ntru-classic	yes	3	completed	success	yes	200	3
crypto-lab-oblivious-shelf	yes	3	completed	success	yes	200	3
crypto-lab-opaque-gate	yes	3	completed	success	yes	200	3
crypto-lab-oram-vault	yes	3	completed	success	yes	200	3
crypto-lab-ot-gate	yes	3	completed	success	yes	200	3
crypto-lab-padding-oracle	yes	3	completed	success	yes	200	3
crypto-lab-paillier-gate	yes	3	completed	success	yes	200	3
crypto-lab-pairing-gate	yes	3	completed	success	yes	200	3
crypto-lab-patron-shield	yes	3	completed	success	yes	200	3
crypto-lab-phantom-vault	yes	3	completed	success	yes	200	3
crypto-lab-pki-chain	yes	3	completed	success	yes	200	3
crypto-lab-poly1305-mac	yes	3	completed	success	yes	200	3
crypto-lab-pq-families	yes	3	completed	success	yes	200	3
crypto-lab-pq-rotation	yes	3	completed	success	yes	200	3
crypto-lab-pq-tls-handshake	yes	3	completed	success	yes	200	3
crypto-lab-protocol-compose	yes	3	completed	success	yes	200	3
crypto-lab-psi-gate	yes	3	completed	success	yes	200	3
crypto-lab-quantum-vault-kpqc	yes	3	completed	success	yes	200	3
crypto-lab-ratchet-wire	yes	3	in_progress	18542ba4d29c828f57cd6a08ad477a2d7c4d5246	no	200	0
crypto-lab-ring-sign	yes	3	completed	failure	yes	200	0
crypto-lab-rsa-forge	yes	3	completed	success	yes	200	3
crypto-lab-scloud-vault	yes	3	completed	success	yes	200	3
crypto-lab-shadow-vault	yes	3	completed	success	yes	200	3
crypto-lab-shamir-gate	yes	3	completed	success	yes	200	3
crypto-lab-shor	yes	3	completed	success	yes	200	3
crypto-lab-silent-tally	yes	3	completed	success	yes	200	3
crypto-lab-snark-arena	yes	3	completed	success	no	200	0
crypto-lab-sphincs-ledger	yes	3	completed	success	yes	200	3
crypto-lab-ssh-handshake	yes	3	completed	success	yes	200	3
crypto-lab-stark-tower	yes	3	completed	success	no	200	0
crypto-lab-stego-suite	yes	3	completed	success	yes	200	3
crypto-lab-syndrome-drain	yes	3	completed	success	yes	200	3
crypto-lab-threshold-decrypt	yes	3	completed	success	yes	200	3
crypto-lab-threshold-mldsa	yes	3	completed	success	yes	200	3
crypto-lab-timing-oracle	yes	3	completed	success	yes	200	3
crypto-lab-vrf-gate	yes	3	completed	failure	yes	200	0
crypto-lab-vss-gate	yes	3	completed	success	yes	200	3
crypto-lab-webauthn	yes	3	completed	success	yes	200	3
crypto-lab-web-of-trust	yes	3	completed	success	yes	200	3
crypto-lab-world-ciphers	yes	3	completed	success	yes	200	3
crypto-lab-world-hashes	yes	3	completed	success	yes	200	3
crypto-lab-x3dh-wire	yes	3	completed	success	yes	200	3
crypto-lab-zk-arena	yes	3	completed	failure	yes	200	0
crypto-lab-zk-proof-lab	yes	3	completed	success	yes	200	3
