repo	synced	run_status	run_concl	run_is_head	live_http
crypto-lab	yes	completed	success	yes	200
crypto-lab-aegis-gate	yes	completed	success	yes	200
crypto-lab-aes-modes	yes	completed	success	yes	200
crypto-lab-ascon	yes	completed	success	yes	200
crypto-lab-babel-hash	yes	none		no	200
crypto-lab-bb84	yes	completed	success	yes	200
crypto-lab-bcrypt-forge	yes	completed	success	yes	200
crypto-lab-biham-lens	yes	completed	success	yes	200
crypto-lab-bike-vault	yes	completed	success	yes	200
crypto-lab-bitcoin-script	yes	completed	success	yes	200
crypto-lab-bitcoin-wallet	yes	completed	success	yes	200
crypto-lab-blind-oracle	yes	completed	success	yes	200
crypto-lab-blind-sign	yes	completed	success	yes	200
crypto-lab-broken-trust	yes	completed	success	yes	200
crypto-lab-bulletproofs	yes	completed	success	yes	200
crypto-lab-chacha20-stream	yes	completed	success	yes	200
crypto-lab-ciphertext-mirror	yes	completed	success	yes	200
crypto-lab-ckks-lab	yes	completed	success	yes	200
crypto-lab-collision-vault	yes	completed	success	yes	200
crypto-lab-commit-gate	yes	completed	success	yes	200
crypto-lab-corrupted-oracle	yes	completed	success	yes	200
crypto-lab-curve448	yes	completed	success	yes	200
crypto-lab-curve-lens	yes	completed	success	yes	200
crypto-lab-dead-sea-cipher	yes	completed	success	yes	200
crypto-lab-diffie-hellman-mitm	yes	completed	success	yes	200
crypto-lab-dilithium-reject	yes	completed	success	no	200
crypto-lab-dilithium-seal	yes	completed	success	yes	200
crypto-lab-drbg-arena	yes	completed	success	yes	200
crypto-lab-e91	yes	completed	success	yes	200
crypto-lab-ecdsa-forge	yes	completed	success	yes	200
crypto-lab-ec-point-arithmetic	yes	completed	success	yes	200
crypto-lab-ed25519-forge	yes	completed	success	yes	200
crypto-lab-elgamal-plain	yes	completed	success	no	200
crypto-lab-enigma-forge	yes	completed	success	no	200
crypto-lab-envelope-kms	yes	completed	success	yes	200
crypto-lab-falcon-seal	yes	completed	success	yes	200
crypto-lab-fhe-arena	yes	completed	success	yes	200
crypto-lab-format-ward	yes	completed	success	yes	200
crypto-lab-frodo-vault	yes	completed	success	yes	200
crypto-lab-frost-threshold	yes	completed	success	yes	200
crypto-lab-garbled-gate	yes	completed	success	no	200
crypto-lab-gg20-wallet	yes	completed	success	no	200
crypto-lab-grover	yes	completed	success	yes	200
crypto-lab-harvest-timeline	yes	completed	success	yes	200
crypto-lab-harvest-vault	yes	completed	success	no	200
crypto-lab-hash-zoo	yes	completed	success	yes	200
crypto-lab-hawk	yes	completed	success	yes	200
crypto-lab-hqc-timing	yes	completed	success	yes	200
crypto-lab-hqc-timing-break	yes	completed	success	yes	200
crypto-lab-hqc-vault	yes	completed	success	yes	200
crypto-lab-hybrid-guide	yes	completed	success	yes	200
crypto-lab-hybrid-pqc	yes	completed	success	yes	200
crypto-lab-hybrid-sign	yes	completed	success	yes	200
crypto-lab-hybrid-wire	yes	completed	success	yes	200
crypto-lab-ibe-gate	yes	completed	success	yes	200
crypto-lab-iron-letter	yes	completed	success	yes	200
crypto-lab-iron-serpent	yes	completed	success	yes	200
crypto-lab-isogeny-gate	yes	completed	success	yes	200
crypto-lab-jevil	yes	completed	success	yes	200
crypto-lab-j-uniward	yes	completed	success	yes	200
crypto-lab-jwt-forge	yes	completed	success	yes	200
crypto-lab-kdf-arena	yes	completed	success	yes	200
crypto-lab-kdf-chain	yes	completed	success	yes	200
crypto-lab-kerberos	yes	completed	success	yes	200
crypto-lab-key-exchange	yes	completed	success	yes	200
crypto-lab-kyberslash	yes	completed	success	yes	200
crypto-lab-kyber-vault	yes	completed	success	yes	200
crypto-lab-lattice-fault	yes	completed	success	yes	200
crypto-lab-lll-break	yes	completed	success	yes	200
crypto-lab-lms-ledger	yes	completed	success	yes	200
crypto-lab-lms-xmss	yes	completed	success	yes	200
crypto-lab-lwe-hints	yes	completed	success	yes	200
crypto-lab-mac-race	yes	completed	success	yes	200
crypto-lab-mceliece-gate	yes	completed	success	yes	200
crypto-lab-merkle-proofs	yes	completed	success	yes	200
crypto-lab-merkle-vault	yes	completed	success	yes	200
crypto-lab-mls-group	yes	completed	success	yes	200
crypto-lab-model-breach	yes	completed	success	yes	200
crypto-lab-mpcith-sign	yes	completed	success	yes	200
crypto-lab-multivariate	yes	completed	success	yes	200
crypto-lab-noise-pipe	yes	completed	success	yes	200
crypto-lab-nonce-guard	yes	completed	success	yes	200
crypto-lab-nonce-lattice	yes	completed	success	yes	200
crypto-lab-ntru-classic	yes	completed	success	yes	200
crypto-lab-oblivious-shelf	yes	completed	success	yes	200
crypto-lab-opaque-gate	yes	completed	success	yes	200
crypto-lab-oram-vault	yes	completed	success	yes	200
crypto-lab-ot-gate	yes	completed	success	yes	200
crypto-lab-otp-vault	yes	completed	success	yes	200
crypto-lab-padding-oracle	yes	completed	success	yes	200
crypto-lab-paillier-gate	yes	completed	success	yes	200
crypto-lab-pairing-gate	yes	completed	success	yes	200
crypto-lab-patron-shield	yes	completed	success	yes	200
crypto-lab-phantom-vault	yes	completed	success	yes	200
crypto-lab-pki-chain	yes	completed	success	yes	200
crypto-lab-poly1305-mac	yes	completed	success	yes	200
crypto-lab-pq-families	yes	completed	success	yes	200
crypto-lab-pq-rotation	yes	completed	success	yes	200
crypto-lab-pq-tls-handshake	yes	completed	success	yes	200
crypto-lab-protocol-compose	yes	completed	success	yes	200
crypto-lab-psi-gate	yes	completed	failure	yes	200
crypto-lab-quantum-vault-kpqc	yes	completed	success	yes	200
crypto-lab-ratchet-wire	yes	completed	success	yes	200
crypto-lab-ring-sign	yes	completed	success	yes	200
crypto-lab-rsa-forge	yes	completed	success	yes	200
crypto-lab-scloud-vault	yes	completed	success	yes	200
crypto-lab-shadow-vault	yes	completed	success	yes	200
crypto-lab-shamir-gate	yes	completed	success	yes	200
crypto-lab-shamir-vs-frost	yes	completed	success	yes	200
crypto-lab-shor	yes	completed	success	yes	200
crypto-lab-silent-tally	yes	completed	success	yes	200
crypto-lab-snark-arena	yes	completed	success	no	200
crypto-lab-sphincs-ledger	yes	completed	success	yes	200
crypto-lab-ssh-handshake	yes	completed	success	yes	200
crypto-lab-stark-tower	yes	completed	success	no	200
crypto-lab-stego-suite	yes	completed	success	yes	200
crypto-lab-syndrome-drain	yes	completed	success	yes	200
crypto-lab-threshold-decrypt	yes	completed	success	yes	200
crypto-lab-threshold-mldsa	yes	completed	success	yes	200
crypto-lab-time-lock-puzzle	yes	completed	success	yes	200
crypto-lab-timing-oracle	yes	completed	success	yes	200
crypto-lab-timing-sidechannel	yes	completed	success	yes	200
crypto-lab-tls-handshake	yes	completed	success	yes	200
crypto-lab-vdf	yes	completed	success	yes	200
crypto-lab-vigenere-break	yes	completed	success	yes	200
crypto-lab-vrf-gate	yes	completed	success	yes	200
crypto-lab-vss-gate	yes	completed	success	yes	200
crypto-lab-webauthn	yes	completed	success	yes	200
crypto-lab-web-of-trust	yes	completed	success	yes	200
crypto-lab-world-ciphers	yes	completed	success	yes	200
crypto-lab-world-hashes	yes	completed	success	yes	200
crypto-lab-x3dh-wire	yes	completed	success	yes	200
crypto-lab-zk-arena	yes	completed	success	yes	200
crypto-lab-zk-proof-lab	yes	completed	success	yes	200
